fips,abbr,district,y2022,y2023,y2024,y2025,y2026,y2027,y2028,y2029,y2030,y2031
1,AL,1,66474.37,69266.3,72314.01,75495.83,78666.66,81655.99,84758.92,87979.76,91235.01,94610.7
1,AL,2,60302.68,62835.39,65600.15,68486.56,71362.99,74074.79,76889.63,79811.44,82764.46,85826.74
1,AL,3,61739.7,64332.77,67163.41,70118.6,73063.58,75839.99,78721.91,81713.35,84736.74,87872
1,AL,4,61417.47,63997.01,66812.88,69752.64,72682.25,75444.18,78311.06,81286.88,84294.49,87413.39
1,AL,5,76633.29,79851.89,83365.37,87033.45,90688.85,94135.03,97712.16,101425.22,105177.96,109069.54
1,AL,6,98853.19,103005.02,107537.24,112268.88,116984.17,121429.57,126043.89,130833.56,135674.4,140694.36
1,AL,7,49020.59,51079.45,53326.95,55673.34,58011.62,60216.06,62504.27,64879.43,67279.97,69769.33
2,AK,0,81623.81,85052.01,88794.29,92701.24,96594.7,100265.29,104075.37,108030.24,112027.36,116172.37
4,AZ,1,67176.94,69998.37,73078.3,76293.74,79498.08,82519.01,85654.73,88909.61,92199.27,95610.64
4,AZ,2,73352.93,76433.75,79796.83,83307.9,86806.83,90105.49,93529.49,97083.62,100675.71,104400.71
4,AZ,3,50131.57,52237.1,54535.53,56935.1,59326.37,61580.77,63920.84,66349.83,68804.78,71350.56
4,AZ,4,64274.04,66973.55,69920.38,72996.88,76062.75,78953.13,81953.35,85067.58,88215.08,91479.04
4,AZ,5,90674.31,94482.63,98639.86,102980.02,107305.18,111382.78,115615.32,120008.7,124449.02,129053.64
4,AZ,6,126760.38,132084.32,137896.03,143963.45,150009.92,155710.29,161627.29,167769.12,173976.58,180413.71
4,AZ,7,46202.46,48142.97,50261.26,52472.75,54676.61,56754.32,58910.98,61149.6,63412.13,65758.38
4,AZ,8,76481.47,79693.69,83200.21,86861.02,90509.18,93948.53,97518.58,101224.28,104969.58,108853.46
4,AZ,9,83253.54,86750.19,90567.2,94552.15,98523.34,102267.23,106153.38,110187.21,114264.14,118491.91
5,AR,1,54168.2,56443.27,58926.77,61519.55,64103.37,66539.3,69067.79,71692.37,74344.99,77095.75
5,AR,2,72213.12,75246.07,78556.9,82013.41,85457.97,88705.37,92076.18,95575.07,99111.35,102778.47
5,AR,3,91565.39,95411.13,99609.22,103992.03,108359.7,112477.36,116751.5,121188.06,125672.02,130321.88
5,AR,4,54811.53,57113.62,59626.62,62250.19,64864.69,67329.55,69888.08,72543.82,75227.94,78011.38
5,CA,1,70371.84,73327.46,76553.86,79922.23,83278.97,86443.57,89728.43,93138.11,96584.22,100157.83
5,CA,2,139550.87,145412.01,151810.14,158489.78,165146.36,171421.92,177935.95,184697.52,191531.32,198617.98
5,CA,3,77113.19,80351.95,83887.43,87578.48,91256.77,94724.53,98324.06,102060.38,105836.61,109752.57
5,CA,4,102528.48,106834.68,111535.4,116442.96,121333.56,125944.24,130730.12,135697.86,140718.68,145925.28
5,CA,5,91088.95,94914.69,99090.94,103450.94,107795.88,111892.12,116144.02,120557.49,125018.12,129643.79
5,CA,6,67499.43,70334.41,73429.12,76660,79879.72,82915.15,86065.93,89336.43,92641.88,96069.63
5,CA,7,84439.31,87985.76,91857.14,95898.85,99926.6,103723.81,107665.32,111756.6,115891.6,120179.58
5,CA,8,59086.05,61567.66,64276.64,67104.81,69923.21,72580.3,75338.35,78201.2,81094.65,84095.15
5,CA,9,73667.13,76761.15,80138.65,83664.75,87178.66,90491.45,93930.13,97499.47,101106.95,104847.91
5,CA,10,70021.02,72961.91,76172.23,79523.81,82863.81,86012.63,89281.11,92673.79,96102.72,99658.53
5,CA,11,142608.47,148598.02,155136.34,161962.34,168764.75,175177.81,181834.57,188744.28,195727.82,202969.75
5,CA,12,202385.49,210885.68,220164.65,229851.9,239505.68,248606.89,258053.96,267860.01,277770.83,288048.35
5,CA,13,115347.79,120192.39,125480.86,131002.02,136504.1,141691.26,147075.53,152664.4,158312.98,164170.56
5,CA,14,161441.85,168222.41,175624.2,183351.66,191052.43,198312.42,205848.29,213670.53,221576.34,229774.66
5,CA,15,134734.56,140393.41,146570.72,153019.83,159446.67,165505.64,171794.85,178323.06,184921.01,191763.09
5,CA,16,50959.15,53099.43,55435.81,57874.98,60305.73,62597.35,64976.05,67445.14,69940.61,72528.41
5,CA,17,168502.06,175579.14,183304.62,191370.03,199407.57,206985.06,214850.49,223014.81,231266.35,239823.21
5,CA,18,338467.72,352683.36,368201.43,384402.29,400547.19,415767.98,431567.16,447966.72,464541.48,481729.52
5,CA,19,114301.66,119102.33,124342.84,129813.92,135266.11,140406.22,145741.66,151279.84,156877.19,162681.65
5,CA,20,86837.49,90484.67,94465.99,98622.49,102764.64,106669.7,110723.14,114930.62,119183.06,123592.83
5,CA,21,45734.97,47655.84,49752.7,51941.82,54123.37,56180.06,58314.91,60530.87,62770.51,65093.02
5,CA,22,72699.91,75753.31,79086.46,82566.26,86034.04,89303.34,92696.86,96219.34,99779.46,103471.3
5,CA,23,70988.09,73969.59,77224.25,80622.12,84008.25,87200.56,90514.18,93953.72,97430.01,101034.92
5,CA,24,92685.24,96578.02,100827.45,105263.86,109684.94,113852.97,118179.38,122670.2,127209,131915.73
5,CA,25,83735.58,87252.47,91091.58,95099.61,99093.79,102859.36,106768.01,110825.2,114925.73,119177.98
5,CA,26,97057.81,101134.24,105584.14,110229.85,114859.5,119224.16,123754.68,128457.36,133210.28,138139.06
5,CA,27,100942.76,105182.36,109810.38,114642.04,119457.01,123996.37,128708.23,133599.15,138542.32,143668.38
5,CA,28,108540.89,113099.61,118075.99,123271.34,128448.73,133329.79,138396.32,143655.38,148970.63,154482.54
5,CA,29,51984.81,54168.17,56551.57,59039.84,61519.52,63857.26,66283.83,68802.62,71348.32,73988.2
5,CA,30,119060.91,124061.47,129520.17,135219.06,140898.26,146252.39,151809.98,157578.76,163409.18,169455.32
5,CA,31,66593.12,69390.03,72443.19,75630.69,78807.18,81801.85,84910.32,88136.92,91397.98,94779.71
5,CA,32,62071.23,64678.22,67524.06,70495.12,73455.91,76247.24,79144.63,82152.13,85191.76,88343.85
5,CA,33,262256.85,273271.63,285295.59,297848.59,310358.23,322151.85,334393.62,347100.57,359943.3,373261.2
5,CA,34,58854.61,61326.5,64024.86,66841.96,69649.32,72296,75043.24,77894.89,80777,83765.75
5,CA,35,53318.81,55558.2,58002.76,60554.88,63098.19,65495.92,67984.76,70568.18,73179.21,75886.84
5,CA,36,63382.2,66044.26,68950.2,71984.01,75007.34,77857.62,80816.21,83887.22,86991.05,90209.72
5,CA,37,105794.54,110237.91,115088.38,120152.27,125198.66,129956.21,134894.55,140020.54,145201.3,150573.75
5,CA,38,66585.75,69382.35,72435.17,75622.32,78798.46,81792.8,84900.92,88127.16,91387.86,94769.21
5,CA,39,94042.42,97992.2,102303.85,106805.22,111291.04,115520.1,119909.87,124466.44,129071.7,133847.35
5,CA,40,45145.66,47041.77,49111.61,51272.52,53425.97,55456.16,57563.49,59750.9,61961.68,64254.27
5,CA,41,57885.35,60316.53,62970.46,65741.16,68502.29,71105.37,73807.38,76612.06,79446.71,82386.23
5,CA,42,78841.62,82152.97,85767.7,89541.48,93302.22,96847.7,100527.92,104347.98,108208.85,112212.58
5,CA,43,64979.8,67708.95,70688.15,73798.42,76897.96,79820.08,82853.24,86001.67,89183.73,92483.53
5,CA,44,49502.52,51581.63,53851.22,56220.67,58581.94,60808.05,63118.76,65517.27,67941.41,70455.24
5,CA,45,129887,135342.26,141297.32,147514.4,153710,159550.98,165613.92,171907.25,178267.82,184863.73
5,CA,46,54526.21,56816.31,59316.23,61926.14,64527.04,66979.07,69524.27,72166.2,74836.35,77605.29
5,CA,47,77336.42,80584.55,84130.27,87832,91520.94,94998.74,98608.69,102355.82,106142.99,110070.28
5,CA,48,141426.06,147365.96,153850.06,160619.46,167365.48,173725.37,180326.93,187179.36,194104.99,201286.88
5,CA,49,132823.9,138402.5,144492.21,150849.87,157185.56,163158.61,169358.64,175794.27,182298.66,189043.71
5,CA,50,81623.6,85051.8,88794.07,92701.01,96594.46,100265.05,104075.12,108029.97,112027.08,116172.08
5,CA,51,47373.17,49362.85,51534.81,53802.34,56062.04,58192.4,60403.71,62699.05,65018.92,67424.62
5,CA,52,131967.9,137510.55,143561.02,149877.7,156172.57,162107.12,168267.19,174661.35,181123.82,187825.4
5,CA,53,79126.75,82450.08,86077.88,89865.31,93639.65,97197.96,100891.48,104725.36,108600.19,112618.4
8,CO,1,108666.79,113230.79,118212.95,123414.32,128597.72,133484.43,138556.84,143822,149143.42,154661.72
8,CO,2,115504.55,120355.74,125651.39,131180.05,136689.62,141883.82,147275.41,152871.87,158528.13,164393.67
8,CO,3,77358.81,80607.88,84154.62,87857.43,91547.44,95026.24,98637.24,102385.45,106173.72,110102.14
8,CO,4,95959.94,99990.26,104389.83,108982.98,113560.27,117875.56,122354.83,127004.31,131703.47,136576.5
8,CO,5,77470.72,80724.49,84276.37,87984.53,91679.88,95163.72,98779.94,102533.58,106327.32,110261.43
8,CO,6,95899.72,99927.51,104324.32,108914.59,113489.01,117801.59,122278.05,126924.61,131620.82,136490.79
8,CO,7,79590.51,82933.31,86582.38,90392,94188.47,97767.63,101482.8,105339.15,109236.69,113278.45
9,CT,1,87159.13,90819.82,94815.89,98987.79,103145.27,107064.79,111133.26,115356.32,119624.5,124050.61
9,CT,2,90174.17,93961.49,98095.8,102412.01,106713.31,110768.42,114977.62,119346.77,123762.6,128341.82
9,CT,3,83967.75,87494.4,91344.15,95363.29,99368.55,103144.56,107064.05,111132.49,115244.39,119508.43
9,CT,4,214838.51,223861.73,233711.64,243994.95,254242.74,263903.97,273932.32,284341.74,294862.39,305772.3
9,CT,5,92407.19,96288.29,100524.97,104948.07,109355.89,113511.42,117824.85,122302.2,126827.38,131519.99
10,DE,0,79730.45,83079.13,86734.62,90550.94,94354.08,97939.53,101661.24,105524.36,109428.76,113477.63
11,DC,0,119491.8,124510.46,129988.92,135708.43,141408.19,146781.7,152359.4,158149.06,164000.57,170068.59
12,FL,1,76878.74,80107.65,83632.38,87312.21,90979.32,94436.53,98025.12,101750.08,105514.83,109418.88
12,FL,2,68726.69,71613.21,74764.19,78053.81,81332.07,84422.69,87630.76,90960.72,94326.27,97816.34
12,FL,3,68172.26,71035.49,74161.06,77424.14,80675.96,83741.64,86923.82,90226.93,93565.33,97027.24
12,FL,4,103541.71,107890.46,112637.64,117593.7,122532.63,127188.87,132022.05,137038.89,142109.32,147367.37
12,FL,5,49015.3,51073.94,53321.2,55667.33,58005.36,60209.56,62497.52,64872.43,67272.71,69761.8
12,FL,6,67391.45,70221.89,73311.66,76537.37,79751.94,82782.51,85928.25,89193.52,92493.68,95915.95
12,FL,7,83933.93,87459.16,91307.36,95324.88,99328.53,103103.01,107020.93,111087.72,115197.97,119460.29
12,FL,8,83532.15,87040.5,90870.28,94868.57,98853.05,102609.47,106508.63,110555.95,114646.52,118888.45
12,FL,9,56731.09,59113.8,61714.81,64430.26,67136.33,69687.51,72335.63,75084.39,77862.51,80743.42
12,FL,10,69772.78,72703.24,75902.18,79241.88,82570.04,85707.7,88964.59,92345.24,95762.02,99305.21
12,FL,11,66183.36,68963.06,71997.44,75165.33,78322.27,81298.52,84387.86,87594.6,90835.6,94196.52
12,FL,12,74432.81,77558.99,80971.59,84534.34,88084.78,91432,94906.42,98512.86,102157.84,105937.68
12,FL,13,82149.49,85599.77,89366.16,93298.27,97216.8,100911.03,104745.65,108725.99,112748.85,116920.56
12,FL,14,89087.33,92829,96913.47,101177.67,105427.13,109433.36,113591.83,117908.31,122270.92,126794.95
12,FL,15,63608.72,66280.29,69196.62,72241.27,75275.4,78135.87,81105.03,84187.02,87301.94,90532.11
12,FL,16,97258.97,101343.85,105802.97,110458.31,115097.55,119471.26,124011.17,128723.59,133486.37,138425.36
12,FL,17,69272.02,72181.44,75357.42,78673.15,81977.42,85092.57,88326.08,91682.47,95074.73,98592.49
12,FL,18,115719.47,120579.69,125885.2,131424.15,136943.96,142147.83,147549.45,153156.33,158823.11,164699.57
12,FL,19,140816.95,146731.27,153187.44,159927.69,166644.65,172977.15,179550.28,186373.19,193269,200419.95
12,FL,20,47946.78,49960.55,52158.81,54453.8,56740.86,58897.01,61135.1,63458.23,65806.19,68241.02
12,FL,21,122863.97,128024.26,133657.33,139538.25,145398.86,150924.01,156659.13,162612.17,168628.82,174868.09
12,FL,22,127444.48,132797.15,138640.22,144740.39,150819.49,156550.63,162499.55,168674.54,174915.49,181387.37
12,FL,23,102005.24,106289.46,110966.2,115848.71,120714.35,125301.5,130062.96,135005.35,140000.55,145180.57
12,FL,24,48571.02,50611.01,52837.89,55162.76,57479.59,59663.82,61931.04,64284.42,66662.95,69129.48
12,FL,25,58217.16,60662.28,63331.42,66118,68894.96,71512.97,74230.46,77051.22,79902.11,82858.49
12,FL,26,60809.46,63363.46,66151.45,69062.12,71962.73,74697.31,77535.81,80482.17,83460.01,86548.03
12,FL,27,142970.29,148975.04,155529.95,162373.26,169192.94,175622.27,182295.92,189223.16,196224.42,203484.72
13,GA,1,66009.46,68781.86,71808.26,74967.82,78116.47,81084.9,84166.13,87364.44,90596.92,93949.01
13,GA,2,50438.11,52556.51,54869,57283.24,59689.13,61957.32,64311.7,66755.54,69225.5,71786.84
13,GA,3,74920.52,78067.18,81502.14,85088.23,88661.94,92031.09,95528.27,99158.35,102827.21,106631.81
13,GA,4,55013.29,57323.85,59846.1,62479.33,65103.46,67577.39,70145.33,72810.85,75504.86,78298.54
13,GA,5,98840.51,102991.81,107523.45,112254.48,116969.17,121414,126027.73,130816.78,135657,140676.31
13,GA,6,141339.32,147275.57,153755.69,160520.94,167262.82,173618.81,180216.32,187064.54,193985.93,201163.41
13,GA,7,83471.08,86976.87,90803.85,94799.22,98780.78,102534.45,106430.76,110475.13,114562.71,118801.53
13,GA,8,60451.24,62990.19,65761.76,68655.28,71538.8,74257.28,77079.05,80008.06,82968.35,86038.18
13,GA,9,70780.35,73753.12,76998.26,80386.18,83762.4,86945.38,90249.3,93678.77,97144.89,100739.25
13,GA,10,71821.85,74838.37,78131.26,81569.04,84994.93,88224.74,91577.28,95057.22,98574.34,102221.59
13,GA,11,110579.35,115223.68,120293.53,125586.44,130861.07,135833.79,140995.48,146353.3,151768.38,157383.81
13,GA,12,59530.04,62030.3,64759.63,67609.05,70448.63,73125.68,75904.46,78788.83,81704.01,84727.06
13,GA,13,56219.21,58580.42,61157.96,63848.91,66530.56,69058.72,71682.96,74406.91,77159.96,80014.88
13,GA,14,61206.62,63777.3,66583.5,69513.18,72432.73,75185.17,78042.21,81007.82,84005.1,87113.29
15,HI,1,81773.66,85208.15,88957.31,92871.43,96772.03,100449.37,104266.45,108228.57,112233.03,116385.65
15,HI,2,71007.39,73989.7,77245.25,80644.04,84031.09,87224.27,90538.79,93979.27,97456.5,101062.39
16,ID,1,72643.57,75694.6,79025.16,82502.27,85967.37,89234.13,92625.02,96144.77,99702.13,103391.11
16,ID,2,70362.17,73317.38,76543.34,79911.25,83267.52,86431.69,89716.09,93125.31,96570.94,100144.07
17,IL,1,66737.97,69540.96,72600.76,75795.2,78978.6,81979.78,85095.02,88328.63,91596.79,94985.87
17,IL,2,54711.87,57009.77,59518.2,62137,64746.76,67207.14,69761.01,72411.93,75091.17,77869.54
17,IL,3,79300.2,82630.81,86266.56,90062.29,93844.91,97411.01,101112.63,104954.91,108838.24,112865.26
17,IL,4,54223.75,56501.15,58987.2,61582.64,64169.11,66607.53,69138.62,71765.89,74421.23,77174.81
17,IL,5,131416.06,136935.53,142960.7,149250.97,155519.51,161429.25,167563.56,173930.98,180366.42,187039.98
17,IL,6,136622.42,142360.56,148624.43,155163.9,161680.79,167824.66,174201.99,180821.67,187512.07,194450.02
17,IL,7,130214.03,135683.02,141653.07,147885.81,154097.01,159952.7,166030.9,172340.08,178716.66,185329.17
17,IL,8,72805.71,75863.55,79201.54,82686.41,86159.24,89433.29,92831.76,96359.36,99924.66,103621.87
17,IL,9,133605.92,139217.37,145342.93,151738.02,158111.02,164119.24,170355.77,176829.29,183371.97,190156.73
17,IL,10,143209.03,149223.81,155789.66,162644.41,169475.47,175915.54,182600.33,189539.14,196552.09,203824.52
17,IL,11,82364.34,85823.64,89599.88,93542.27,97471.05,101174.95,105019.6,109010.34,113043.72,117226.34
17,IL,12,64345.33,67047.83,69997.94,73077.85,76147.12,79040.71,82044.25,85161.94,88312.93,91580.51
17,IL,13,71267.3,74260.53,77527.99,80939.22,84338.67,87543.54,90870.2,94323.26,97813.22,101432.31
17,IL,14,102062.09,106348.7,111028.04,115913.28,120781.64,125371.34,130135.45,135080.6,140078.58,145261.49
17,IL,15,65111.49,67846.17,70831.4,73947.98,77053.8,79981.84,83021.15,86175.96,89364.47,92670.95
17,IL,16,70864.62,73840.93,77089.93,80481.89,83862.13,87048.89,90356.75,93790.3,97260.54,100859.18
17,IL,17,58581.7,61042.14,63727.99,66532.02,69326.37,71960.77,74695.28,77533.7,80402.44,83377.33
17,IL,18,84449.45,87996.33,91868.17,95910.37,99938.6,103736.27,107678.25,111770.02,115905.51,120194.01
18,IN,1,70168,73115.06,76332.12,79690.73,83037.74,86193.18,89468.52,92868.32,96304.45,99867.71
18,IN,2,66164.87,68943.79,71977.32,75144.32,78300.38,81275.8,84364.28,87570.12,90810.21,94170.19
18,IN,3,67160.78,69981.53,73060.72,76275.39,79478.95,82499.15,85634.12,88888.22,92177.08,95587.63
18,IN,4,68058.52,70916.98,74037.33,77294.97,80541.36,83601.93,86778.81,90076.4,93409.23,96865.37
18,IN,5,107381.75,111891.79,116815.02,121954.89,127076.99,131905.92,136918.34,142121.24,147379.72,152832.77
18,IN,6,64055.17,66745.49,69682.29,72748.31,75803.74,78684.28,81674.29,84777.91,87914.69,91167.54
18,IN,7,53937.96,56203.35,58676.3,61258.06,63830.89,66256.47,68774.21,71387.63,74028.98,76768.05
18,IN,8,64908.92,67635.09,70611.04,73717.92,76814.08,79733.01,82762.87,85907.86,89086.45,92382.65
18,IN,9,68979.73,71876.88,75039.46,78341.19,81631.52,84733.52,87953.4,91295.63,94673.56,98176.49
19,IA,1,73208.64,76283.4,79639.87,83144.03,86636.08,89928.25,93345.52,96892.65,100477.68,104195.35
19,IA,2,73204.84,76279.44,79635.74,83139.71,86631.58,89923.58,93340.67,96887.62,100472.46,104189.94
19,IA,3,84687.17,88244.03,92126.77,96180.35,100219.92,104028.28,107981.36,112084.65,116231.78,120532.36
19,IA,4,69674.85,72601.2,75795.65,79130.66,82454.14,85587.4,88839.72,92215.63,95627.61,99165.83
20,KS,1,60467.26,63006.88,65779.19,68673.47,71557.76,74276.95,77099.47,80029.25,82990.34,86060.98
20,KS,2,66460.27,69251.61,72298.68,75479.82,78649.97,81638.67,84740.94,87961.09,91215.65,94590.63
20,KS,3,107802.95,112330.67,117273.22,122433.24,127575.44,132423.3,137455.39,142678.7,147957.81,153432.25
20,KS,4,72757.98,75813.81,79149.62,82632.21,86102.76,89374.66,92770.9,96296.2,99859.15,103553.94
21,KY,1,55779.36,58122.09,60679.46,63349.36,66010.03,68518.41,71122.11,73824.75,76556.27,79388.85
21,KY,2,61312.13,63887.24,66698.28,69633.01,72557.59,75314.78,78176.74,81147.46,84149.92,87263.46
21,KY,3,73411.35,76494.63,79860.4,83374.25,86875.97,90177.26,93603.99,97160.95,100755.9,104483.87
21,KY,4,80319.77,83693.2,87375.71,91220.24,95051.49,98663.44,102412.65,106304.33,110237.6,114316.39
21,KY,5,49804.5,51896.28,54179.72,56563.63,58939.3,61178.99,63503.8,65916.94,68355.87,70885.03
21,KY,6,68598.94,71480.09,74625.22,77908.73,81180.9,84265.77,87467.87,90791.65,94150.94,97634.52
22,LA,1,83835.81,87356.91,91200.62,95213.45,99212.41,102982.48,106895.82,110957.86,115063.3,119320.64
22,LA,2,55250.2,57570.71,60103.82,62748.39,65383.82,67868.41,70447.41,73124.41,75830.01,78635.72
22,LA,3,69341.3,72253.64,75432.79,78751.84,82059.42,85177.67,88414.42,91774.17,95169.82,98691.1
22,LA,4,63256.77,65913.56,68813.75,71841.56,74858.9,77703.54,80656.28,83721.21,86818.9,90031.2
22,LA,5,59385.11,61879.29,64601.98,67444.46,70277.13,72947.66,75719.67,78597.02,81505.11,84520.8
22,LA,6,82979.37,86464.5,90268.94,94240.77,98198.88,101930.44,105803.8,109824.34,113887.84,118101.69
23,ME,1,79120.64,82443.7,86071.23,89858.36,93632.41,97190.44,100883.68,104717.26,108591.8,112609.69
23,ME,2,58728.7,61195.31,63887.9,66698.97,69500.32,72141.34,74882.71,77728.25,80604.2,83586.55
24,MD,1,84621.45,88175.55,92055.27,96105.7,100142.14,103947.54,107897.55,111997.66,116141.57,120438.81
24,MD,2,70874.28,73851,77100.44,80492.86,83873.56,87060.76,90369.07,93803.09,97273.81,100872.94
24,MD,3,104611.06,109004.73,113800.94,118808.18,123798.12,128502.45,133385.54,138454.19,143577,148889.35
24,MD,4,76552.76,79767.98,83277.77,86941.99,90593.55,94036.11,97609.48,101318.64,105067.43,108954.92
24,MD,5,87531.68,91208.01,95221.17,99410.9,103586.16,107522.43,111608.28,115849.4,120135.82,124580.85
24,MD,6,95012.95,99003.5,103359.65,107907.48,112439.59,116712.29,121147.36,125750.96,130403.75,135228.69
24,MD,7,89525.1,93285.15,97389.7,101674.85,105945.19,109971.11,114150.01,118487.71,122871.76,127418.01
24,MD,8,134553.65,140204.9,146373.91,152814.37,159232.57,165283.41,171564.18,178083.62,184672.71,191505.6
25,MA,1,72096.25,75124.29,78429.76,81880.67,85319.66,88561.8,91927.15,95420.39,98950.94,102612.12
25,MA,2,90378.03,94173.91,98317.56,102643.54,106954.56,111018.84,115237.55,119616.58,124042.39,128631.96
25,MA,3,97411.27,101502.55,105968.66,110631.28,115277.79,119658.35,124205.37,128925.17,133695.4,138642.13
25,MA,4,167616.21,174656.09,182340.95,190363.96,198359.24,205896.89,213720.97,221842.37,230050.54,238562.41
25,MA,5,152486.22,158890.64,165881.83,173180.63,180454.22,187311.48,194429.31,201817.63,209284.88,217028.42
25,MA,6,115504.91,120356.12,125651.79,131180.47,136690.05,141884.27,147275.87,152872.35,158528.63,164394.19
25,MA,7,101723.7,105996.09,110659.92,115528.96,120381.17,124955.66,129703.97,134632.72,139614.13,144779.86
25,MA,8,121267.68,126360.93,131920.81,137725.32,143509.79,148963.16,154623.76,160499.46,166437.94,172596.14
25,MA,9,90445.86,94244.59,98391.35,102720.57,107034.84,111102.16,115324.04,119706.36,124135.49,128728.5
26,MI,1,65004.1,67734.27,70714.58,73826.02,76926.71,79849.93,82884.23,86033.83,89217.08,92518.11
26,MI,2,67892.39,70743.87,73856.6,77106.29,80344.75,83397.85,86566.97,89856.51,93181.21,96628.91
26,MI,3,83623.84,87136.04,90970.03,94972.71,98961.56,102722.1,106625.54,110677.31,114772.37,119018.95
26,MI,4,64800.2,67521.81,70492.77,73594.45,76685.42,79599.46,82624.24,85763.96,88937.23,92227.91
26,MI,5,57137.45,59537.22,62156.86,64891.76,67617.22,70186.67,72853.76,75622.21,78420.23,81321.78
26,MI,6,71704.03,74715.6,78003.08,81435.22,84855.5,88080.01,91427.05,94901.27,98412.62,102053.89
26,MI,7,70960.17,73940.5,77193.88,80590.41,83975.21,87166.27,90478.58,93916.77,97391.69,100995.18
26,MI,8,91949.96,95811.85,100027.58,104428.79,108814.8,112949.76,117241.85,121697.04,126199.83,130869.23
26,MI,9,78071.45,81350.45,84929.87,88666.78,92390.79,95901.64,99545.9,103328.64,107151.8,111116.42
26,MI,10,73309.63,76388.63,79749.73,83258.72,86755.59,90052.3,93474.29,97026.31,100616.28,104339.08
26,MI,11,114955.55,119783.68,125054.17,130556.55,136039.92,141209.44,146575.4,152145.27,157774.64,163612.3
26,MI,12,75624.56,78800.79,82268.03,85887.82,89495.11,92895.93,96425.97,100090.16,103793.49,107633.85
26,MI,13,44843.71,46727.15,48783.15,50929.6,53068.65,55085.26,57178.5,59351.28,61547.28,63824.52
26,MI,14,82682.47,86155.14,89945.96,93903.59,97847.54,101565.74,105425.24,109431.4,113480.36,117679.14
27,MN,1,73501.6,76588.67,79958.57,83476.75,86982.77,90288.12,93719.07,97280.39,100879.77,104612.32
27,MN,2,94579.64,98551.98,102888.27,107415.35,111926.8,116180.02,120594.86,125177.46,129809.03,134611.96
27,MN,3,128475.99,133871.98,139762.35,145911.89,152040.19,157817.72,163814.79,170039.76,176331.23,182855.48
27,MN,4,90501.22,94302.27,98451.57,102783.44,107100.35,111170.16,115394.63,119779.62,124211.47,128807.29
27,MN,5,90817.35,94631.68,98795.48,103142.48,107474.46,111558.49,115797.72,120198.03,124645.36,129257.23
27,MN,6,84717.78,88275.93,92160.07,96215.11,100256.14,104065.88,108020.38,112125.16,116273.79,120575.92
27,MN,7,66306.13,69090.99,72130.99,75304.75,78467.55,81449.32,84544.39,87757.08,91004.09,94371.24
27,MN,8,67770.01,70616.35,73723.47,76967.3,80199.93,83247.53,86410.93,89694.55,93013.24,96454.73
28,MS,1,58613.29,61075.04,63762.35,66567.89,69363.74,71999.56,74735.55,77575.5,80445.79,83422.29
28,MS,2,46944.99,48916.68,51069.01,53316.05,55555.33,57666.43,59857.75,62132.35,64431.24,66815.2
28,MS,3,68014.43,70871.04,73989.36,77244.89,80489.18,83547.77,86722.58,90018.04,93348.71,96802.61
28,MS,4,59725.89,62234.38,64972.69,67831.49,70680.41,73366.27,76154.19,79048.04,81972.82,85005.82
29,MO,1,59538.93,62039.56,64769.31,67619.16,70459.16,73136.61,75915.8,78800.6,81716.22,84739.72
29,MO,2,125850.27,131135.98,136905.96,142929.82,148932.88,154592.33,160466.83,166564.57,172727.46,179118.38
29,MO,3,71470.88,74472.66,77749.46,81170.43,84579.59,87793.62,91129.77,94592.71,98092.64,101722.06
29,MO,4,61731.87,64324.61,67154.89,70109.71,73054.31,75830.38,78711.93,81702.99,84726,87860.86
29,MO,5,64492.51,67201.19,70158.05,73245,76321.29,79221.5,82231.92,85356.73,88514.93,91789.98
29,MO,6,73364.2,76445.5,79809.1,83320.7,86820.17,90119.33,93543.87,97098.54,100691.18,104416.76
29,MO,7,61275.37,63848.94,66658.29,69591.25,72514.09,75269.62,78129.87,81098.8,84099.46,87211.14
29,MO,8,54695.31,56992.51,59500.18,62118.19,64727.15,67186.79,69739.88,72390,75068.43,77845.96
30,MT,0,70086.47,73030.1,76243.43,79598.14,82941.26,86093.03,89364.56,92760.41,96192.55,99751.67
31,NE,1,73935.58,77040.88,80430.68,83969.63,87496.35,90821.21,94272.42,97854.77,101475.4,105229.99
31,NE,2,90463.62,94263.09,98410.67,102740.74,107055.85,111123.97,115346.68,119729.85,124159.86,128753.77
31,NE,3,61178.35,63747.85,66552.75,69481.07,72399.28,75150.45,78006.17,80970.4,83966.31,87073.06
32,NV,1,57726.32,60150.83,62797.46,65560.55,68314.1,70910.03,73604.61,76401.59,79228.45,82159.9
32,NV,2,91182.79,95012.47,99193.02,103557.51,107906.93,112007.39,116263.67,120681.69,125146.92,129777.35
32,NV,3,104201.91,108578.39,113355.84,118343.5,123313.92,127999.85,132863.85,137912.67,143015.44,148307.01
32,NV,4,71542.27,74547.05,77827.12,81251.51,84664.07,87881.31,91220.8,94687.19,98190.61,101823.67
33,NH,1,92732.94,96627.73,100879.35,105318.04,109741.4,113911.57,118240.21,122733.34,127274.47,131983.63
33,NH,2,90528.7,94330.91,98481.47,102814.65,107132.87,111203.92,115429.67,119816,124249.19,128846.41
34,NJ,1,78672.69,81976.94,85583.93,89349.62,93102.3,96640.19,100312.52,104124.39,107977,111972.15
34,NJ,2,72316.33,75353.62,78669.18,82130.62,85580.11,88832.15,92207.77,95711.67,99253,102925.36
34,NJ,3,89178.59,92924.09,97012.75,101281.31,105535.12,109545.46,113708.18,118029.09,122396.17,126924.83
34,NJ,4,110993.49,115655.22,120744.04,126056.78,131351.17,136342.51,141523.53,146901.42,152336.77,157973.23
34,NJ,5,138398.04,144210.76,150556.04,157180.5,163782.08,170005.8,176466.02,183171.73,189949.08,196977.2
34,NJ,6,91822.52,95679.07,99888.95,104284.06,108663.99,112793.22,117079.37,121528.38,126024.93,130687.86
34,NJ,7,163063.02,169911.66,177387.78,185192.84,192970.94,200303.83,207915.38,215816.16,223801.36,232082.01
34,NJ,8,77355.59,80604.52,84151.12,87853.77,91543.63,95022.29,98633.14,102381.2,106169.3,110097.56
34,NJ,9,81662.68,85092.51,88836.58,92745.39,96640.7,100313.04,104124.94,108081.69,112080.71,116227.7
34,NJ,10,67534.37,70370.81,73467.13,76699.68,79921.07,82958.07,86110.48,89382.68,92689.84,96119.36
34,NJ,11,151644.83,158013.91,164966.53,172225.05,179458.51,186277.93,193356.49,200704.04,208130.09,215830.9
34,NJ,12,109213.09,113800.04,118807.24,124034.76,129244.22,134155.5,139253.41,144545.04,149893.21,155439.26
35,NM,1,68064.83,70923.55,74044.19,77302.13,80548.82,83609.68,86786.84,90084.74,93417.88,96874.34
35,NM,2,57660.25,60081.98,62725.59,65485.52,68235.91,70828.87,73520.37,76314.14,79137.77,82065.87
35,NM,3,65235.18,67975.06,70965.96,74088.47,77200.18,80133.79,83178.87,86339.67,89534.24,92847
36,NY,1,108508.31,113065.66,118040.55,123234.33,128410.18,133289.76,138354.77,143612.25,148925.91,154436.17
36,NY,2,86798.16,90443.68,94423.2,98577.82,102718.09,106621.38,110672.99,114878.57,119129.07,123536.85
36,NY,3,170903.11,178081.04,185916.61,194096.94,202249.01,209934.47,217911.98,226192.64,234561.77,243240.55
36,NY,4,112595,117323.99,122486.25,127875.64,133246.42,138309.78,143565.56,149021.05,154534.83,160252.61
36,NY,5,55753.46,58095.1,60651.29,63319.94,65979.38,68486.6,71089.09,73790.47,76520.72,79351.99
36,NY,6,65902.59,68670.5,71692,74846.45,77990,80953.62,84029.85,87222.99,90450.24,93796.9
36,NY,7,80757.84,84149.67,87852.25,91717.75,95569.9,99201.55,102971.21,106884.12,110838.83,114939.87
36,NY,8,63638.19,66310.99,69228.68,72274.74,75310.28,78172.07,81142.61,84226.03,87342.39,90574.06
36,NY,9,73853.9,76955.77,80341.82,83876.86,87399.69,90720.88,94168.27,97746.66,101363.29,105113.73
36,NY,10,268084.55,279344.1,291635.24,304467.19,317254.81,329310.5,341824.3,354813.62,367941.72,381555.57
36,NY,11,85302.99,88885.71,92796.68,96879.74,100948.69,104784.74,108766.56,112899.69,117076.97,121408.82
36,NY,12,280436.69,292215.03,305072.49,318495.68,331872.5,344483.66,357574.04,371161.85,384894.84,399135.95
36,NY,13,55193.19,57511.3,60041.8,62683.64,65316.35,67798.37,70374.71,73048.95,75751.76,78554.58
36,NY,14,55164.26,57481.15,60010.32,62650.78,65282.11,67762.83,70337.82,73010.66,75712.05,78513.4
36,NY,15,35877.55,37384.41,39029.33,40746.62,42457.97,44071.38,45746.09,47484.44,49241.36,51063.29
36,NY,16,143064.33,149073.04,155632.25,162480.07,169304.23,175737.79,182415.83,189347.63,196353.49,203618.57
36,NY,17,142892.66,148894.16,155445.5,162285.1,169101.08,175526.92,182196.94,189120.42,196117.88,203374.24
36,NY,18,105312.04,109735.14,114563.49,119604.28,124627.66,129363.51,134279.33,139381.94,144539.07,149887.02
36,NY,19,75972.18,79163.02,82646.19,86282.62,89906.49,93322.94,96869.21,100550.24,104270.6,108128.61
36,NY,20,91443.07,95283.68,99476.16,103853.11,108214.94,112327.11,116595.54,121026.17,125504.14,130147.8
36,NY,21,64575.17,67287.33,70247.97,73338.88,76419.12,79323.04,82337.32,85466.14,88628.38,91907.63
36,NY,22,64177.87,66873.34,69815.77,72887.66,75948.94,78835,81830.73,84940.3,88083.09,91342.17
36,NY,23,63831.01,66511.92,69438.44,72493.73,75538.47,78408.93,81388.47,84481.23,87607.04,90848.5
36,NY,24,72805.64,75863.48,79201.47,82686.34,86159.16,89433.21,92831.67,96359.28,99924.57,103621.78
36,NY,25,74608.46,77742.02,81162.67,84733.82,88292.65,91647.77,95130.38,98745.34,102398.91,106187.67
36,NY,26,64240.87,66938.98,69884.3,72959.21,76023.49,78912.39,81911.06,85023.68,88169.55,91431.83
36,NY,27,80778,84170.68,87874.19,91740.65,95593.76,99226.32,102996.92,106910.8,110866.5,114968.56
37,NC,1,62758.83,65394.7,68272.06,71276.03,74269.63,77091.87,80021.36,83062.18,86135.48,89322.49
37,NC,2,93079.38,96988.72,101256.22,105711.49,110151.38,114337.13,118681.94,123191.85,127749.95,132476.7
37,NC,3,63018.05,65664.81,68554.06,71570.44,74576.4,77410.3,80351.9,83405.27,86491.26,89691.44
37,NC,4,99518.21,103697.98,108260.69,113024.16,117771.17,122246.48,126891.84,131713.73,136587.14,141640.86
37,NC,5,67703.43,70546.98,73651.04,76891.69,80121.14,83165.74,86326.04,89606.43,92921.87,96359.98
37,NC,6,67304.73,70131.53,73217.31,76438.87,79649.31,82675.98,85817.67,89078.74,92374.65,95792.52
37,NC,7,68989.32,71886.87,75049.89,78352.09,81642.87,84745.3,87965.63,91308.32,94686.73,98190.14
37,NC,8,64781.43,67502.25,70472.34,73573.13,76663.2,79576.4,82600.3,85739.12,88911.46,92201.19
37,NC,9,107640.02,112160.9,117095.98,122248.21,127382.63,132223.17,137247.65,142463.06,147734.2,153200.36
37,NC,10,66236.26,69018.18,72054.98,75225.4,78384.87,81363.5,84455.31,87664.61,90908.2,94271.8
37,NC,11,61707.2,64298.9,67128.05,70081.69,73025.12,75800.07,78680.47,81670.33,84692.13,87825.74
37,NC,12,78376.07,81667.87,85261.25,89012.75,92751.28,96275.83,99934.31,103731.82,107569.89,111549.98
37,NC,13,72023.31,75048.28,78350.41,81797.83,85233.34,88472.2,91834.15,95323.84,98850.83,102508.31
38,ND,0,82599.8,86068.99,89856.02,93809.69,97749.69,101464.18,105319.82,109321.98,113366.89,117561.46
39,OH,1,86908.55,90558.7,94543.29,98703.19,102848.73,106756.98,110813.74,115024.67,119280.58,123693.96
39,OH,2,84127.36,87660.71,91517.79,95544.57,99557.44,103340.62,107267.57,111343.73,115463.45,119735.6
39,OH,3,54718.89,57017.08,59525.83,62144.97,64755.05,67215.75,69769.95,72421.2,75100.79,77879.52
39,OH,4,62150.22,64760.52,67609.99,70584.83,73549.39,76344.27,79245.35,82256.67,85300.17,88456.27
39,OH,5,72620.7,75670.77,79000.28,82476.29,85940.3,89206.03,92595.86,96114.5,99670.74,103358.56
39,OH,6,62406.35,65027.41,67888.62,70875.72,73852.5,76658.89,79571.93,82595.67,85651.7,88820.82
39,OH,7,64705.16,67422.77,70389.38,73486.51,76572.94,79482.71,82503.06,85638.17,88806.79,92092.64
39,OH,8,69168.91,72074.01,75245.27,78556.06,81855.41,84965.92,88194.62,91546.02,94933.22,98445.75
39,OH,9,58454.28,60909.36,63589.37,66387.3,69175.57,71804.24,74532.8,77365.05,80227.56,83195.97
39,OH,10,69490.39,72408.99,75594.98,78921.16,82235.85,85360.81,88604.52,91971.49,95374.44,98903.29
39,OH,11,68972.35,71869.19,75031.44,78332.82,81622.8,84724.47,87944,91285.87,94663.44,98165.99
39,OH,12,98211.66,102336.54,106839.35,111540.28,116224.98,120641.53,125225.9,129984.49,134793.91,139781.29
39,OH,13,55153.52,57469.97,59998.65,62638.59,65269.41,67749.65,70324.13,72996.45,75697.32,78498.12
39,OH,14,93784.55,97723.5,102023.34,106512.37,110985.89,115203.35,119581.08,124125.16,128717.79,133480.35
39,OH,15,77420.24,80671.89,84221.46,87927.2,91620.14,95101.71,98715.57,102466.77,106258.04,110189.58
39,OH,16,80915.12,84313.56,88023.35,91896.38,95756.03,99394.76,103171.76,107092.28,111054.7,115163.72
40,OK,1,82678.6,86151.11,89941.75,93899.19,97842.96,101560.99,105420.31,109426.28,113475.05,117673.63
40,OK,2,54580.78,56873.17,59375.59,61988.12,64591.62,67046.1,69593.85,72238.42,74911.24,77682.96
40,OK,3,68329.93,71199.78,74332.58,77603.21,80862.54,83935.32,87124.86,90435.61,93781.72,97251.65
40,OK,4,68552.05,71431.24,74574.21,77855.48,81125.41,84208.18,87408.09,90729.59,94086.59,97567.79
40,OK,5,78516.43,81814.12,85413.94,89172.16,92917.39,96448.25,100113.28,103917.58,107762.54,111749.75
41,OR,1,98780.82,102929.61,107458.52,112186.69,116898.53,121340.68,125951.62,130737.78,135575.08,140591.36
41,OR,2,70087.76,73031.45,76244.83,79599.6,82942.79,86094.61,89366.21,92762.12,96194.32,99753.51
41,OR,3,82916.46,86398.95,90200.51,94169.33,98124.44,101853.17,105723.59,109741.09,113801.51,118012.16
41,OR,4,68528.88,71407.09,74549,77829.16,81097.98,84179.7,87378.53,90698.92,94054.78,97534.8
41,OR,5,84240.75,87778.86,91641.13,95673.34,99691.62,103479.9,107412.13,111493.8,115619.07,119896.97
42,PA,1,111259.46,115932.35,121033.38,126358.85,131665.92,136669.22,141862.65,147253.43,152701.81,158351.78
42,PA,2,49959.4,52057.7,54348.24,56739.56,59122.62,61369.28,63701.31,66121.96,68568.48,71105.51
42,PA,3,76002.59,79194.7,82679.27,86317.15,89942.47,93360.29,96907.98,100590.48,104312.33,108171.89
42,PA,4,125429.87,130697.92,136448.63,142452.37,148435.37,154075.92,159930.8,166008.17,172150.47,178520.04
42,PA,5,109816.78,114429.09,119463.97,124720.38,129958.64,134897.07,140023.15,145344.03,150721.76,156298.47
42,PA,6,116571.76,121467.77,126812.35,132392.1,137952.56,143194.76,148636.16,154284.34,159992.86,165912.59
42,PA,7,75861.78,79047.98,82526.09,86157.24,89775.84,93187.32,96728.44,100404.12,104119.07,107971.48
42,PA,8,62824.34,65462.96,68343.33,71350.44,74347.16,77172.35,80104.9,83148.89,86225.39,89415.73
42,PA,9,67253.45,70078.09,73161.53,76380.64,79588.63,82612.99,85752.29,89010.87,92304.28,95719.53
42,PA,10,75319.79,78483.22,81936.48,85541.69,89134.44,92521.55,96037.36,99686.78,103375.2,107200.08
42,PA,11,76470.28,79682.03,83188.04,86848.32,90495.95,93934.79,97504.32,101209.48,104954.23,108837.54
42,PA,12,65086.98,67820.63,70804.74,73920.15,77024.8,79951.74,82989.9,86143.52,89330.83,92636.07
42,PA,13,64462.11,67169.52,70124.98,73210.48,76285.32,79184.16,82193.16,85316.5,88473.21,91746.72
42,PA,14,76021.12,79214.01,82699.42,86338.2,89964.4,93383.05,96931.61,100615.01,104337.76,108198.26
42,PA,15,62079.78,64687.13,67533.36,70504.83,73466.03,76257.74,79155.54,82163.45,85203.49,88356.02
42,PA,16,68893.18,71786.7,74945.31,78242.91,81529.11,84627.21,87843.05,91181.08,94554.79,98053.31
42,PA,17,94669.89,98646.03,102986.45,107517.86,112033.61,116290.89,120709.94,125296.92,129932.9,134740.42
42,PA,18,74309.06,77430.04,80836.96,84393.78,87938.32,91279.98,94748.62,98349.07,101987.98,105761.54
44,RI,1,78700.85,82006.28,85614.56,89381.6,93135.63,96674.78,100348.42,104161.66,108015.64,112012.22
44,RI,2,78629.01,81931.42,85536.41,89300.01,93050.61,96586.53,100256.82,104066.58,107917.04,111909.97
45,SC,1,96534.61,100589.07,105014.99,109635.65,114240.34,118581.48,123087.57,127764.9,132492.2,137394.41
45,SC,2,75252.56,78413.17,81863.35,85465.33,89054.88,92438.96,95951.64,99597.8,103282.92,107104.39
45,SC,3,62807.63,65445.55,68325.16,71331.47,74327.39,77151.83,80083.6,83126.77,86202.46,89391.96
45,SC,4,75830.23,79015.1,82491.77,86121.4,89738.5,93148.57,96688.21,100362.36,104075.77,107926.57
45,SC,5,67476.3,70310.3,73403.96,76633.73,79852.35,82886.74,86036.43,89305.82,92610.13,96036.71
45,SC,6,49006.56,51064.84,53311.69,55657.41,57995.02,60198.83,62486.38,64860.86,67260.72,69749.36
45,SC,7,58999.27,61477.24,64182.24,67006.26,69820.52,72473.7,75227.7,78086.35,80975.55,83971.64
46,SD,0,75611.35,78787.03,82253.66,85872.82,89479.48,92879.7,96409.13,100072.68,103775.36,107615.05
47,TN,1,58009.09,60445.47,63105.07,65881.69,68648.73,71257.38,73965.16,76775.83,79616.54,82562.35
47,TN,2,79412.61,82747.94,86388.85,90189.96,93977.94,97549.1,101255.97,105103.7,108992.53,113025.26
47,TN,3,68892.52,71786,74944.59,78242.15,81528.32,84626.4,87842.2,91180.2,94553.87,98052.36
47,TN,4,62387.99,65008.29,67868.65,70854.87,73830.78,76636.35,79548.53,82571.37,85626.52,88794.7
47,TN,5,92735.25,96630.13,100881.86,105320.66,109744.12,113914.4,118243.15,122736.39,127277.63,131986.91
47,TN,6,67916.08,70768.56,73882.38,77133.2,80372.79,83426.96,86597.19,89887.88,93213.73,96662.64
47,TN,7,89515.04,93274.68,97378.76,101663.43,105933.29,109958.76,114137.19,118474.4,122857.96,127403.7
47,TN,8,89229.69,92977.33,97068.34,101339.34,105595.6,109608.23,113773.34,118096.73,122466.31,126997.56
47,TN,9,49295.53,51365.95,53626.05,55985.59,58336.99,60553.79,62854.84,65243.32,67657.32,70160.65
48,TX,1,68578.8,71459.11,74603.31,77885.85,81157.06,84241.03,87442.19,90764.99,94123.29,97605.85
48,TX,2,105021.86,109432.78,114247.83,119274.73,124284.27,129007.07,133909.34,138997.89,144140.82,149474.03
48,TX,3,123170.27,128343.42,133990.53,139886.12,145761.33,151300.26,157049.67,163017.56,169049.21,175304.03
48,TX,4,72292.8,75329.1,78643.58,82103.9,85552.26,88803.25,92177.77,95680.52,99220.7,102891.87
48,TX,5,64705.34,67422.97,70389.58,73486.72,76573.16,79482.94,82503.29,85638.42,88807.04,92092.9
48,TX,6,72619.73,75669.75,78999.22,82475.19,85939.15,89204.83,92594.62,96113.21,99669.4,103357.17
48,TX,7,151860.75,158238.9,165201.41,172470.27,179714.03,186543.16,193631.8,200989.81,208426.43,216138.21
48,TX,8,101601.66,105868.93,110527.16,115390.36,120236.75,124805.75,129548.37,134471.2,139446.64,144606.16
48,TX,9,49856.03,51949.99,54235.79,56622.16,59000.29,61242.3,63569.51,65985.15,68426.6,70958.38
48,TX,10,101618.88,105886.87,110545.89,115409.91,120257.13,124826.9,129570.32,134493.99,139470.27,144630.67
48,TX,11,88414.28,92127.68,96181.3,100413.28,104630.64,108606.6,112733.65,117017.53,121347.18,125837.02
48,TX,12,95033.87,99025.29,103382.4,107931.23,112464.34,116737.99,121174.03,125778.64,130432.45,135258.45
48,TX,13,68033.02,70890.41,74009.59,77266.01,80511.18,83570.61,86746.29,90042.65,93374.23,96829.07
48,TX,14,79456.51,82793.68,86436.6,90239.81,94029.88,97603.02,101311.93,105161.79,109052.77,113087.73
48,TX,15,53329.45,55569.29,58014.34,60566.97,63110.78,65508.99,67998.33,70582.27,73193.81,75901.98
48,TX,16,54725.78,57024.27,59533.33,62152.8,64763.22,67224.22,69778.74,72430.33,75110.26,77889.34
48,TX,17,69631.12,72555.63,75748.07,79080.99,82402.39,85533.68,88783.96,92157.75,95567.59,99103.59
48,TX,18,72750.09,75805.59,79141.04,82623.25,86093.42,89364.97,92760.84,96285.75,99848.33,103542.71
48,TX,19,67609.45,70449.04,73548.8,76784.95,80009.91,83050.29,86206.2,89482.04,92792.87,96226.21
48,TX,20,55097,57411.07,59937.16,62574.39,65202.52,67680.21,70252.06,72921.64,75619.74,78417.67
48,TX,21,118452.66,123427.67,128858.49,134528.26,140178.45,145505.23,151034.43,156773.74,162574.37,168589.62
48,TX,22,109180.87,113766.46,118772.19,123998.16,129206.09,134115.92,139212.32,144502.39,149848.98,155393.39
48,TX,23,74332.89,77454.87,80862.88,84420.85,87966.53,91309.26,94779.01,98380.61,102020.69,105795.46
48,TX,24,111275.89,115949.48,121051.25,126377.51,131685.36,136689.41,141883.6,147275.18,152724.36,158375.16
48,TX,25,119567.73,124589.57,130071.51,135794.66,141498.03,146874.96,152456.21,158249.54,164104.78,170176.65
48,TX,26,105744.87,110186.16,115034.35,120095.86,125139.88,129895.2,134831.22,139954.8,145133.13,150503.06
48,TX,27,67229.03,70052.65,73134.97,76352.91,79559.73,82583,85721.15,88978.56,92270.77,95684.78
48,TX,28,52902.62,55124.53,57550.01,60082.21,62605.66,64984.68,67454.1,70017.35,72608,75294.49
48,TX,29,45336.71,47240.85,49319.45,51489.51,53652.06,55690.84,57807.1,60003.76,62223.9,64526.19
48,TX,30,61106.56,63673.04,66474.65,69399.53,72314.31,75062.26,77914.62,80875.38,83867.77,86970.88
48,TX,31,82415.31,85876.75,89655.33,93600.17,97531.37,101237.57,105084.59,109077.81,113113.69,117298.89
48,TX,32,139717.86,145586.01,151991.8,158679.44,165343.97,171627.04,178148.87,184918.53,191760.52,198855.65
48,TX,33,42829.28,44628.11,46591.75,48641.78,50684.74,52610.76,54609.97,56685.15,58782.5,60957.45
48,TX,34,49149.96,51214.26,53467.69,55820.26,58164.72,60374.98,62669.22,65050.65,67457.53,69953.46
48,TX,35,53143.33,55375.35,57811.86,60355.59,62890.52,65280.36,67761.01,70335.93,72938.36,75637.08
48,TX,36,76006.22,79198.48,82683.22,86321.28,89946.77,93364.75,96912.61,100595.29,104317.31,108177.05
49,UT,1,81415.17,84834.61,88567.33,92464.29,96347.79,100009.01,103809.35,107754.11,111741.01,115875.43
49,UT,2,78077.11,81356.34,84936.02,88673.21,92397.48,95908.59,99553.11,103336.13,107159.57,111124.47
49,UT,3,94788.52,98769.64,103115.5,107652.58,112173.99,116436.6,120861.19,125453.92,130095.71,134909.25
49,UT,4,74933.16,78080.36,81515.89,85102.59,88676.9,92046.62,95544.39,99175.08,102844.56,106649.81
50,VT,0,73247.09,76323.47,79681.7,83187.7,86681.58,89975.48,93394.55,96943.54,100530.45,104250.08
51,VA,1,89671.41,93437.61,97548.87,101841.02,106118.34,110150.84,114336.57,118681.36,123072.57,127626.26
51,VA,2,79555.41,82896.74,86544.2,90352.14,94146.93,97724.51,101438.05,105292.69,109188.52,113228.5
51,VA,3,60356.35,62891.32,65658.54,68547.51,71426.51,74140.72,76958.06,79882.47,82838.12,85903.13
51,VA,4,73219.25,76294.46,79651.41,83156.08,86648.63,89941.28,93359.05,96906.69,100492.24,104210.45
51,VA,5,79928.07,83285.05,86949.59,90775.38,94587.94,98182.28,101913.21,105785.91,109699.99,113758.89
51,VA,6,67496.63,70331.48,73426.07,76656.82,79876.4,82911.71,86062.35,89332.72,92638.03,96065.64
51,VA,7,90998.47,94820.4,98992.5,103348.17,107688.79,111780.97,116028.64,120437.73,124893.93,129515
51,VA,8,129878.63,135333.53,141288.21,147504.89,153700.09,159540.7,165603.24,171896.17,178256.32,184851.81
51,VA,9,58372.65,60824.3,63500.57,66294.59,69078.97,71703.97,74428.72,77257.01,80115.52,83079.79
51,VA,10,151457.86,157819.09,164763.13,172012.71,179237.24,186048.26,193118.09,200456.58,207873.47,215564.79
51,VA,11,113731.86,118508.6,123722.97,129166.78,134591.79,139706.28,145015.12,150525.69,156095.14,161870.66
53,WA,1,141203.63,147134.18,153608.08,160366.84,167102.24,173452.13,180043.31,186884.96,193799.7,200970.29
53,WA,2,84001.52,87529.59,91380.89,95401.65,99408.52,103186.04,107107.11,111177.18,115290.74,119556.49
53,WA,3,84435.31,87981.6,91852.79,95894.31,99921.87,103718.9,107660.22,111751.31,115886.11,120173.89
53,WA,4,68613.02,71494.77,74640.54,77924.72,81197.56,84283.07,87485.83,90810.29,94170.27,97654.57
53,WA,5,73619.59,76711.62,80086.93,83610.75,87122.41,90433.06,93869.51,97436.55,101041.71,104780.25
53,WA,6,86399.56,90028.34,93989.59,98125.13,102246.39,106131.75,110164.76,114351.02,118582.01,122969.54
53,WA,7,154126.49,160599.8,167666.19,175043.5,182395.33,189326.35,196520.75,203988.54,211536.12,219362.95
53,WA,8,110116.16,114741.04,119789.64,125060.39,130312.92,135264.82,140404.88,145740.26,151132.65,156724.56
53,WA,9,123393.11,128575.62,134232.94,140139.19,146025.04,151573.99,157333.8,163312.49,169355.05,175621.18
53,WA,10,76087.24,79282.9,82771.35,86413.29,90042.65,93464.27,97015.91,100702.52,104428.51,108292.36
54,WV,1,66800.55,69606.17,72668.85,75866.28,79052.66,82056.66,85174.81,88411.46,91682.68,95074.94
54,WV,2,64237.27,66935.23,69880.38,72955.12,76019.24,78907.97,81906.47,85018.92,88164.62,91426.71
54,WV,3,55573.63,57907.72,60455.66,63115.71,65766.57,68265.7,70859.79,73552.46,76273.91,79096.04
55,WI,1,77974.09,81249.01,84823.96,88556.22,92275.58,95782.05,99421.77,103199.79,107018.19,110977.86
55,WI,2,88592.72,92313.61,96375.41,100615.93,104841.79,108825.78,112961.16,117253.69,121592.07,126090.98
55,WI,3,67275.55,70101.13,73185.58,76405.74,79614.78,82640.15,85780.47,89040.13,92334.61,95750.99
55,WI,4,62798.82,65436.37,68315.57,71321.46,74316.96,77141,80072.36,83115.11,86190.37,89379.41
55,WI,5,93753.63,97691.28,101989.69,106477.24,110949.28,115165.36,119541.64,124084.22,128675.34,133436.33
55,WI,6,78931.08,82246.19,85865.02,89643.08,93408.09,96957.6,100641.98,104466.38,108331.64,112339.91
55,WI,7,69880.27,72815.24,76019.11,79363.95,82697.24,85839.74,89101.64,92487.51,95909.55,99458.2
55,WI,8,77295.15,80541.55,84085.38,87785.13,91472.11,94948.05,98556.08,102301.21,106086.35,110011.55
56,WY,0,90213.73,94002.7,98138.82,102456.93,106760.12,110817.01,115028.05,119399.12,123816.89,128398.11